{"cameraMode":{"drawMode":0,"name":"Shaded","section":"Shading Mode"},"sceneLighting":true,"audioPlay":false,"sceneViewState":{"m_AlwaysRefresh":false,"showFog":true,"showSkybox":true,"showFlares":true,"showImageEffects":true,"showParticleSystems":true,"showVisualEffectGraphs":true,"m_FxEnabled":true},"in2DMode":false,"pivot":{"x":-30.182775497436525,"y":-23.600488662719728,"z":45.859642028808597},"rotation":{"x":0.3630697429180145,"y":0.12827187776565553,"z":-0.050553224980831149,"w":0.9215403199195862},"size":63.368370056152347,"orthographic":false}