{"cameraMode":{"drawMode":0,"name":"Shaded","section":"Shading Mode"},"sceneLighting":true,"audioPlay":false,"sceneViewState":{"m_AlwaysRefresh":false,"showFog":true,"showSkybox":true,"showFlares":true,"showImageEffects":true,"showParticleSystems":true,"showVisualEffectGraphs":true,"m_FxEnabled":true},"in2DMode":false,"pivot":{"x":15.863516807556153,"y":1.4408860206604005,"z":3.0829248428344728},"rotation":{"x":-0.09466749429702759,"y":0.008054873906075955,"z":-0.0007757447892799974,"w":-0.9954925179481506},"size":51.921295166015628,"orthographic":true}